{
  "reservations": [
    {
      "_id": "5ba6948d4b66490ccd23ffde",
      "showing_id": 126,
      "seat_id": "5ba6948c4b66490ccd23f867",
      "given_name": "Aniyah",
      "family_name": "Parris",
      "payment_key": "pk_6867815103",
      "email": "aniyah.parris@asiancityweb.com",
      "phone": "(883) 348-1962",
      "__v": 0
    },
    {
      "_id": "5ba6948d4b66490ccd23ffdf",
      "showing_id": 126,
      "seat_id": "5ba6948c4b66490ccd23f869",
      "given_name": "Avaline",
      "family_name": "Saenz",
      "payment_key": "pk_1380109713",
      "email": "avaline.saenz@spacewar.com",
      "phone": "(874) 128-7310",
      "__v": 0
    },
    {
      "_id": "5ba6948d4b66490ccd23ffe0",
      "showing_id": 126,
      "seat_id": "5ba6948c4b66490ccd23f86b",
      "given_name": "Cheri",
      "family_name": "Lucio",
      "payment_key": "pk_8034766139",
      "email": "cheri.lucio@bannertown.net",
      "phone": "(760) 396-9116",
      "__v": 0
    },
    {
      "_id": "5ba6948d4b66490ccd23ffe1",
      "showing_id": 126,
      "seat_id": "5ba6948c4b66490ccd23f86d",
      "given_name": "Vickie",
      "family_name": "Eberhardt",
      "payment_key": "pk_5425277382",
      "email": "vickie.eberhardt@mailc.net",
      "phone": "(363) 580-5077",
      "__v": 0
    },
    {
      "_id": "5ba6948d4b66490ccd23ffe2",
      "showing_id": 126,
      "seat_id": "5ba6948c4b66490ccd23f86f",
      "given_name": "Maja",
      "family_name": "Schuster",
      "payment_key": "pk_6226285194",
      "email": "maja.schuster@lobbyist.com",
      "phone": "(726) 899-8066",
      "__v": 0
    },
    {
      "_id": "5ba6948d4b66490ccd23ffe3",
      "showing_id": 126,
      "seat_id": "5ba6948c4b66490ccd23f873",
      "given_name": "Efrain",
      "family_name": "Choy",
      "payment_key": "pk_5191884989",
      "email": "efrain.choy@centralpets.com",
      "phone": "(431) 102-6657",
      "__v": 0
    },
    {
      "_id": "5ba6948d4b66490ccd23ffe4",
      "showing_id": 126,
      "seat_id": "5ba6948c4b66490ccd23f875",
      "given_name": "Nadine",
      "family_name": "Fenner",
      "payment_key": "pk_0163919881",
      "email": "nadine.fenner@mailcan.com",
      "phone": "(476) 925-2729",
      "__v": 0
    },
    {
      "_id": "5ba6948d4b66490ccd23ffe5",
      "showing_id": 126,
      "seat_id": "5ba6948c4b66490ccd23f876",
      "given_name": "Bloom",
      "family_name": "Towne",
      "payment_key": "pk_8313451802",
      "email": "bloom.towne@scifianime.com",
      "phone": "(651) 536-4470",
      "__v": 0
    },
    {
      "_id": "5ba6948d4b66490ccd23ffe6",
      "showing_id": 126,
      "seat_id": "5ba6948c4b66490ccd23f877",
      "given_name": "Mirabelle",
      "family_name": "Mcfarland",
      "payment_key": "pk_8802799583",
      "email": "mirabelle.mcfarland@okname.net",
      "phone": "(012) 182-1747",
      "__v": 0
    },
    {
      "_id": "5ba6948d4b66490ccd23ffe7",
      "showing_id": 126,
      "seat_id": "5ba6948c4b66490ccd23f878",
      "given_name": "Jordana",
      "family_name": "Prince",
      "payment_key": "pk_3466981876",
      "email": "jordana.prince@planetout.com",
      "phone": "(099) 779-5428",
      "__v": 0
    },
    {
      "_id": "5ba6948d4b66490ccd23ffe8",
      "showing_id": 126,
      "seat_id": "5ba6948c4b66490ccd23f879",
      "given_name": "Troy",
      "family_name": "Pereira",
      "payment_key": "pk_2996131095",
      "email": "troy.pereira@isleuthmail.com",
      "phone": "(684) 448-6533",
      "__v": 0
    },
    {
      "_id": "5ba6948d4b66490ccd23ffe9",
      "showing_id": 126,
      "seat_id": "5ba6948c4b66490ccd23f87a",
      "given_name": "Kylee",
      "family_name": "Mccaskill",
      "payment_key": "pk_6698645319",
      "email": "kylee.mccaskill@wx88.net",
      "phone": "(615) 034-0332",
      "__v": 0
    },
    {
      "_id": "5ba6948d4b66490ccd23ffea",
      "showing_id": 126,
      "seat_id": "5ba6948c4b66490ccd23f87b",
      "given_name": "Zelina",
      "family_name": "Diaz",
      "payment_key": "pk_1975047456",
      "email": "zelina.diaz@acmemail.net",
      "phone": "(112) 626-6694",
      "__v": 0
    },
    {
      "_id": "5ba6948d4b66490ccd23ffeb",
      "showing_id": 126,
      "seat_id": "5ba6948c4b66490ccd23f87c",
      "given_name": "Annie",
      "family_name": "Wellman",
      "payment_key": "pk_1110087179",
      "email": "annie.wellman@netcourrier.com",
      "phone": "(092) 014-0793",
      "__v": 0
    },
    {
      "_id": "5ba6948d4b66490ccd23ffec",
      "showing_id": 126,
      "seat_id": "5ba6948c4b66490ccd23f87e",
      "given_name": "Skye",
      "family_name": "Kirsch",
      "payment_key": "pk_1842439652",
      "email": "skye.kirsch@llandudno.com",
      "phone": "(335) 660-1787",
      "__v": 0
    },
    {
      "_id": "5ba6948d4b66490ccd23ffed",
      "showing_id": 126,
      "seat_id": "5ba6948c4b66490ccd23f880",
      "given_name": "Fredrick",
      "family_name": "Caldwell",
      "payment_key": "pk_2198313010",
      "email": "fredrick.caldwell@tampabay.rr.com",
      "phone": "(678) 067-0114",
      "__v": 0
    },
    {
      "_id": "5ba6948d4b66490ccd23ffee",
      "showing_id": 126,
      "seat_id": "5ba6948c4b66490ccd23f882",
      "given_name": "Gisela",
      "family_name": "Bostic",
      "payment_key": "pk_4666026933",
      "email": "gisela.bostic@elsitio.com",
      "phone": "(438) 096-6617",
      "__v": 0
    },
    {
      "_id": "5ba6948d4b66490ccd23ffef",
      "showing_id": 126,
      "seat_id": "5ba6948c4b66490ccd23f883",
      "given_name": "Jim",
      "family_name": "Hazen",
      "payment_key": "pk_7949640533",
      "email": "jim.hazen@f1fans.net",
      "phone": "(146) 296-4445",
      "__v": 0
    },
    {
      "_id": "5ba6948d4b66490ccd23fff0",
      "showing_id": 126,
      "seat_id": "5ba6948c4b66490ccd23f887",
      "given_name": "Aniyah",
      "family_name": "Caldwell",
      "payment_key": "pk_5507696243",
      "email": "aniyah.caldwell@space-travel.com",
      "phone": "(819) 666-5460",
      "__v": 0
    },
    {
      "_id": "5ba6948d4b66490ccd23fff1",
      "showing_id": 126,
      "seat_id": "5ba6948c4b66490ccd23f88a",
      "given_name": "Albany",
      "family_name": "Mcphail",
      "payment_key": "pk_4394714016",
      "email": "albany.mcphail@interburp.com",
      "phone": "(061) 094-2309",
      "__v": 0
    },
    {
      "_id": "5ba6948d4b66490ccd23fff2",
      "showing_id": 126,
      "seat_id": "5ba6948c4b66490ccd23f88b",
      "given_name": "Bailey",
      "family_name": "Atkins",
      "payment_key": "pk_2600591249",
      "email": "bailey.atkins@ukbuilder.com",
      "phone": "(220) 277-9828",
      "__v": 0
    }
  ],
  "_id": "5ba6948c4b66490ccd23f731",
  "id": 126,
  "film_id": 4,
  "theater_id": 4,
  "showing_time": "2018-09-26T01:45:00.000Z",
  "__v": 1
}